filepath,class,label
D:\PG_Ajith_Pakiyan_Project\Final codes\sand_dataset\images\fine\Fine (1).jpg,fine,0
D:\PG_Ajith_Pakiyan_Project\Final codes\sand_dataset\images\fine\Fine (10).jpg,fine,0
D:\PG_Ajith_Pakiyan_Project\Final codes\sand_dataset\images\fine\Fine (11).jpg,fine,0
D:\PG_Ajith_Pakiyan_Project\Final codes\sand_dataset\images\fine\Fine (12).jpg,fine,0
D:\PG_Ajith_Pakiyan_Project\Final codes\sand_dataset\images\fine\Fine (13).jpg,fine,0
D:\PG_Ajith_Pakiyan_Project\Final codes\sand_dataset\images\fine\Fine (14).jpg,fine,0
D:\PG_Ajith_Pakiyan_Project\Final codes\sand_dataset\images\fine\Fine (15).jpg,fine,0
D:\PG_Ajith_Pakiyan_Project\Final codes\sand_dataset\images\fine\Fine (16).jpg,fine,0
D:\PG_Ajith_Pakiyan_Project\Final codes\sand_dataset\images\fine\Fine (17).jpg,fine,0
D:\PG_Ajith_Pakiyan_Project\Final codes\sand_dataset\images\fine\Fine (18).jpg,fine,0
D:\PG_Ajith_Pakiyan_Project\Final codes\sand_dataset\images\fine\Fine (19).jpg,fine,0
D:\PG_Ajith_Pakiyan_Project\Final codes\sand_dataset\images\fine\Fine (2).jpg,fine,0
D:\PG_Ajith_Pakiyan_Project\Final codes\sand_dataset\images\fine\Fine (20).jpg,fine,0
D:\PG_Ajith_Pakiyan_Project\Final codes\sand_dataset\images\fine\Fine (21).jpg,fine,0
D:\PG_Ajith_Pakiyan_Project\Final codes\sand_dataset\images\fine\Fine (22).jpg,fine,0
D:\PG_Ajith_Pakiyan_Project\Final codes\sand_dataset\images\fine\Fine (23).jpg,fine,0
D:\PG_Ajith_Pakiyan_Project\Final codes\sand_dataset\images\fine\Fine (24).jpg,fine,0
D:\PG_Ajith_Pakiyan_Project\Final codes\sand_dataset\images\fine\Fine (25).jpg,fine,0
D:\PG_Ajith_Pakiyan_Project\Final codes\sand_dataset\images\fine\Fine (26).jpg,fine,0
D:\PG_Ajith_Pakiyan_Project\Final codes\sand_dataset\images\fine\Fine (27).jpg,fine,0
D:\PG_Ajith_Pakiyan_Project\Final codes\sand_dataset\images\fine\Fine (28).jpg,fine,0
D:\PG_Ajith_Pakiyan_Project\Final codes\sand_dataset\images\fine\Fine (29).jpg,fine,0
D:\PG_Ajith_Pakiyan_Project\Final codes\sand_dataset\images\fine\Fine (3).jpg,fine,0
D:\PG_Ajith_Pakiyan_Project\Final codes\sand_dataset\images\fine\Fine (30).jpg,fine,0
D:\PG_Ajith_Pakiyan_Project\Final codes\sand_dataset\images\fine\Fine (31).jpg,fine,0
D:\PG_Ajith_Pakiyan_Project\Final codes\sand_dataset\images\fine\Fine (32).jpg,fine,0
D:\PG_Ajith_Pakiyan_Project\Final codes\sand_dataset\images\fine\Fine (33).jpg,fine,0
D:\PG_Ajith_Pakiyan_Project\Final codes\sand_dataset\images\fine\Fine (34).jpg,fine,0
D:\PG_Ajith_Pakiyan_Project\Final codes\sand_dataset\images\fine\Fine (35).jpg,fine,0
D:\PG_Ajith_Pakiyan_Project\Final codes\sand_dataset\images\fine\Fine (36).jpg,fine,0
D:\PG_Ajith_Pakiyan_Project\Final codes\sand_dataset\images\fine\Fine (37).jpg,fine,0
D:\PG_Ajith_Pakiyan_Project\Final codes\sand_dataset\images\fine\Fine (38).jpg,fine,0
D:\PG_Ajith_Pakiyan_Project\Final codes\sand_dataset\images\fine\Fine (39).jpg,fine,0
D:\PG_Ajith_Pakiyan_Project\Final codes\sand_dataset\images\fine\Fine (4).jpg,fine,0
D:\PG_Ajith_Pakiyan_Project\Final codes\sand_dataset\images\fine\Fine (40).jpg,fine,0
D:\PG_Ajith_Pakiyan_Project\Final codes\sand_dataset\images\fine\Fine (41).jpg,fine,0
D:\PG_Ajith_Pakiyan_Project\Final codes\sand_dataset\images\fine\Fine (42).jpg,fine,0
D:\PG_Ajith_Pakiyan_Project\Final codes\sand_dataset\images\fine\Fine (43).jpg,fine,0
D:\PG_Ajith_Pakiyan_Project\Final codes\sand_dataset\images\fine\Fine (44).jpg,fine,0
D:\PG_Ajith_Pakiyan_Project\Final codes\sand_dataset\images\fine\Fine (45).jpg,fine,0
D:\PG_Ajith_Pakiyan_Project\Final codes\sand_dataset\images\fine\Fine (46).jpg,fine,0
D:\PG_Ajith_Pakiyan_Project\Final codes\sand_dataset\images\fine\Fine (47).jpg,fine,0
D:\PG_Ajith_Pakiyan_Project\Final codes\sand_dataset\images\fine\Fine (48).jpg,fine,0
D:\PG_Ajith_Pakiyan_Project\Final codes\sand_dataset\images\fine\Fine (49).jpg,fine,0
D:\PG_Ajith_Pakiyan_Project\Final codes\sand_dataset\images\fine\Fine (5).jpg,fine,0
D:\PG_Ajith_Pakiyan_Project\Final codes\sand_dataset\images\fine\Fine (50).jpg,fine,0
D:\PG_Ajith_Pakiyan_Project\Final codes\sand_dataset\images\fine\Fine (51).jpg,fine,0
D:\PG_Ajith_Pakiyan_Project\Final codes\sand_dataset\images\fine\Fine (52).jpg,fine,0
D:\PG_Ajith_Pakiyan_Project\Final codes\sand_dataset\images\fine\Fine (53).jpg,fine,0
D:\PG_Ajith_Pakiyan_Project\Final codes\sand_dataset\images\fine\Fine (54).jpg,fine,0
D:\PG_Ajith_Pakiyan_Project\Final codes\sand_dataset\images\fine\Fine (55).jpg,fine,0
D:\PG_Ajith_Pakiyan_Project\Final codes\sand_dataset\images\fine\Fine (56).jpg,fine,0
D:\PG_Ajith_Pakiyan_Project\Final codes\sand_dataset\images\fine\Fine (57).jpg,fine,0
D:\PG_Ajith_Pakiyan_Project\Final codes\sand_dataset\images\fine\Fine (58).jpg,fine,0
D:\PG_Ajith_Pakiyan_Project\Final codes\sand_dataset\images\fine\Fine (59).jpg,fine,0
D:\PG_Ajith_Pakiyan_Project\Final codes\sand_dataset\images\fine\Fine (6).jpg,fine,0
D:\PG_Ajith_Pakiyan_Project\Final codes\sand_dataset\images\fine\Fine (60).jpg,fine,0
D:\PG_Ajith_Pakiyan_Project\Final codes\sand_dataset\images\fine\Fine (7).jpg,fine,0
D:\PG_Ajith_Pakiyan_Project\Final codes\sand_dataset\images\fine\Fine (8).jpg,fine,0
D:\PG_Ajith_Pakiyan_Project\Final codes\sand_dataset\images\fine\Fine (9).jpg,fine,0
D:\PG_Ajith_Pakiyan_Project\Final codes\sand_dataset\images\fine\fine_1.jpg,fine,0
D:\PG_Ajith_Pakiyan_Project\Final codes\sand_dataset\images\fine\fine_10.jpg,fine,0
D:\PG_Ajith_Pakiyan_Project\Final codes\sand_dataset\images\fine\fine_11.jpg,fine,0
D:\PG_Ajith_Pakiyan_Project\Final codes\sand_dataset\images\fine\fine_12.jpg,fine,0
D:\PG_Ajith_Pakiyan_Project\Final codes\sand_dataset\images\fine\fine_13.jpg,fine,0
D:\PG_Ajith_Pakiyan_Project\Final codes\sand_dataset\images\fine\fine_14.jpg,fine,0
D:\PG_Ajith_Pakiyan_Project\Final codes\sand_dataset\images\fine\fine_15.jpg,fine,0
D:\PG_Ajith_Pakiyan_Project\Final codes\sand_dataset\images\fine\fine_16.jpg,fine,0
D:\PG_Ajith_Pakiyan_Project\Final codes\sand_dataset\images\fine\fine_17.jpg,fine,0
D:\PG_Ajith_Pakiyan_Project\Final codes\sand_dataset\images\fine\fine_18.jpg,fine,0
D:\PG_Ajith_Pakiyan_Project\Final codes\sand_dataset\images\fine\fine_19.jpg,fine,0
D:\PG_Ajith_Pakiyan_Project\Final codes\sand_dataset\images\fine\fine_2.jpg,fine,0
D:\PG_Ajith_Pakiyan_Project\Final codes\sand_dataset\images\fine\fine_20.jpg,fine,0
D:\PG_Ajith_Pakiyan_Project\Final codes\sand_dataset\images\fine\fine_21.jpg,fine,0
D:\PG_Ajith_Pakiyan_Project\Final codes\sand_dataset\images\fine\fine_22.jpg,fine,0
D:\PG_Ajith_Pakiyan_Project\Final codes\sand_dataset\images\fine\fine_23.jpg,fine,0
D:\PG_Ajith_Pakiyan_Project\Final codes\sand_dataset\images\fine\fine_24.jpg,fine,0
D:\PG_Ajith_Pakiyan_Project\Final codes\sand_dataset\images\fine\fine_26.jpg,fine,0
D:\PG_Ajith_Pakiyan_Project\Final codes\sand_dataset\images\fine\fine_27.jpg,fine,0
D:\PG_Ajith_Pakiyan_Project\Final codes\sand_dataset\images\fine\fine_29.jpg,fine,0
D:\PG_Ajith_Pakiyan_Project\Final codes\sand_dataset\images\fine\fine_3.jpg,fine,0
D:\PG_Ajith_Pakiyan_Project\Final codes\sand_dataset\images\fine\fine_30.jpg,fine,0
D:\PG_Ajith_Pakiyan_Project\Final codes\sand_dataset\images\fine\fine_31.jpg,fine,0
D:\PG_Ajith_Pakiyan_Project\Final codes\sand_dataset\images\fine\fine_32.jpg,fine,0
D:\PG_Ajith_Pakiyan_Project\Final codes\sand_dataset\images\fine\fine_33.jpg,fine,0
D:\PG_Ajith_Pakiyan_Project\Final codes\sand_dataset\images\fine\fine_34.jpg,fine,0
D:\PG_Ajith_Pakiyan_Project\Final codes\sand_dataset\images\fine\fine_35.jpg,fine,0
D:\PG_Ajith_Pakiyan_Project\Final codes\sand_dataset\images\fine\fine_36.jpg,fine,0
D:\PG_Ajith_Pakiyan_Project\Final codes\sand_dataset\images\fine\fine_37.jpg,fine,0
D:\PG_Ajith_Pakiyan_Project\Final codes\sand_dataset\images\fine\fine_38.jpg,fine,0
D:\PG_Ajith_Pakiyan_Project\Final codes\sand_dataset\images\fine\fine_39.jpg,fine,0
D:\PG_Ajith_Pakiyan_Project\Final codes\sand_dataset\images\fine\fine_4.jpg,fine,0
D:\PG_Ajith_Pakiyan_Project\Final codes\sand_dataset\images\fine\fine_40.jpg,fine,0
D:\PG_Ajith_Pakiyan_Project\Final codes\sand_dataset\images\fine\fine_41.jpg,fine,0
D:\PG_Ajith_Pakiyan_Project\Final codes\sand_dataset\images\fine\fine_42.jpg,fine,0
D:\PG_Ajith_Pakiyan_Project\Final codes\sand_dataset\images\fine\fine_43.jpg,fine,0
D:\PG_Ajith_Pakiyan_Project\Final codes\sand_dataset\images\fine\fine_44.jpg,fine,0
D:\PG_Ajith_Pakiyan_Project\Final codes\sand_dataset\images\fine\fine_45.jpg,fine,0
D:\PG_Ajith_Pakiyan_Project\Final codes\sand_dataset\images\fine\fine_46.jpg,fine,0
D:\PG_Ajith_Pakiyan_Project\Final codes\sand_dataset\images\fine\fine_47.jpg,fine,0
D:\PG_Ajith_Pakiyan_Project\Final codes\sand_dataset\images\fine\fine_48.jpg,fine,0
D:\PG_Ajith_Pakiyan_Project\Final codes\sand_dataset\images\fine\fine_49.jpg,fine,0
D:\PG_Ajith_Pakiyan_Project\Final codes\sand_dataset\images\fine\fine_5.jpg,fine,0
D:\PG_Ajith_Pakiyan_Project\Final codes\sand_dataset\images\fine\fine_50.jpg,fine,0
D:\PG_Ajith_Pakiyan_Project\Final codes\sand_dataset\images\fine\fine_51.jpg,fine,0
D:\PG_Ajith_Pakiyan_Project\Final codes\sand_dataset\images\fine\fine_52.jpg,fine,0
D:\PG_Ajith_Pakiyan_Project\Final codes\sand_dataset\images\fine\fine_53.jpg,fine,0
D:\PG_Ajith_Pakiyan_Project\Final codes\sand_dataset\images\fine\fine_54.jpg,fine,0
D:\PG_Ajith_Pakiyan_Project\Final codes\sand_dataset\images\fine\fine_55.jpg,fine,0
D:\PG_Ajith_Pakiyan_Project\Final codes\sand_dataset\images\fine\fine_56.jpg,fine,0
D:\PG_Ajith_Pakiyan_Project\Final codes\sand_dataset\images\fine\fine_57.jpg,fine,0
D:\PG_Ajith_Pakiyan_Project\Final codes\sand_dataset\images\fine\fine_58.jpg,fine,0
D:\PG_Ajith_Pakiyan_Project\Final codes\sand_dataset\images\fine\fine_59.jpg,fine,0
D:\PG_Ajith_Pakiyan_Project\Final codes\sand_dataset\images\fine\fine_6.jpg,fine,0
D:\PG_Ajith_Pakiyan_Project\Final codes\sand_dataset\images\fine\fine_60.jpg,fine,0
D:\PG_Ajith_Pakiyan_Project\Final codes\sand_dataset\images\fine\fine_61.jpg,fine,0
D:\PG_Ajith_Pakiyan_Project\Final codes\sand_dataset\images\fine\fine_62.jpg,fine,0
D:\PG_Ajith_Pakiyan_Project\Final codes\sand_dataset\images\fine\fine_63.jpg,fine,0
D:\PG_Ajith_Pakiyan_Project\Final codes\sand_dataset\images\fine\fine_64.jpg,fine,0
D:\PG_Ajith_Pakiyan_Project\Final codes\sand_dataset\images\fine\fine_65.jpg,fine,0
D:\PG_Ajith_Pakiyan_Project\Final codes\sand_dataset\images\fine\fine_66.jpg,fine,0
D:\PG_Ajith_Pakiyan_Project\Final codes\sand_dataset\images\fine\fine_67.jpg,fine,0
D:\PG_Ajith_Pakiyan_Project\Final codes\sand_dataset\images\fine\fine_68.jpg,fine,0
D:\PG_Ajith_Pakiyan_Project\Final codes\sand_dataset\images\fine\fine_69.jpg,fine,0
D:\PG_Ajith_Pakiyan_Project\Final codes\sand_dataset\images\fine\fine_7.jpg,fine,0
D:\PG_Ajith_Pakiyan_Project\Final codes\sand_dataset\images\fine\fine_70.jpg,fine,0
D:\PG_Ajith_Pakiyan_Project\Final codes\sand_dataset\images\fine\fine_71.jpg,fine,0
D:\PG_Ajith_Pakiyan_Project\Final codes\sand_dataset\images\fine\fine_72.jpg,fine,0
D:\PG_Ajith_Pakiyan_Project\Final codes\sand_dataset\images\fine\fine_73.jpg,fine,0
D:\PG_Ajith_Pakiyan_Project\Final codes\sand_dataset\images\fine\fine_74.jpg,fine,0
D:\PG_Ajith_Pakiyan_Project\Final codes\sand_dataset\images\fine\fine_75.jpg,fine,0
D:\PG_Ajith_Pakiyan_Project\Final codes\sand_dataset\images\fine\fine_76.jpg,fine,0
D:\PG_Ajith_Pakiyan_Project\Final codes\sand_dataset\images\fine\fine_77.jpg,fine,0
D:\PG_Ajith_Pakiyan_Project\Final codes\sand_dataset\images\fine\fine_78.jpg,fine,0
D:\PG_Ajith_Pakiyan_Project\Final codes\sand_dataset\images\fine\fine_79.jpg,fine,0
D:\PG_Ajith_Pakiyan_Project\Final codes\sand_dataset\images\fine\fine_8.jpg,fine,0
D:\PG_Ajith_Pakiyan_Project\Final codes\sand_dataset\images\fine\fine_80.jpg,fine,0
D:\PG_Ajith_Pakiyan_Project\Final codes\sand_dataset\images\fine\fine_81.jpg,fine,0
D:\PG_Ajith_Pakiyan_Project\Final codes\sand_dataset\images\fine\fine_82.jpg,fine,0
D:\PG_Ajith_Pakiyan_Project\Final codes\sand_dataset\images\fine\fine_83.jpg,fine,0
D:\PG_Ajith_Pakiyan_Project\Final codes\sand_dataset\images\fine\fine_84.jpg,fine,0
D:\PG_Ajith_Pakiyan_Project\Final codes\sand_dataset\images\fine\fine_85.jpg,fine,0
D:\PG_Ajith_Pakiyan_Project\Final codes\sand_dataset\images\fine\fine_86.jpg,fine,0
D:\PG_Ajith_Pakiyan_Project\Final codes\sand_dataset\images\fine\fine_87.jpg,fine,0
D:\PG_Ajith_Pakiyan_Project\Final codes\sand_dataset\images\fine\fine_88.jpg,fine,0
D:\PG_Ajith_Pakiyan_Project\Final codes\sand_dataset\images\fine\fine_89.jpg,fine,0
D:\PG_Ajith_Pakiyan_Project\Final codes\sand_dataset\images\fine\fine_9.jpg,fine,0
D:\PG_Ajith_Pakiyan_Project\Final codes\sand_dataset\images\fine\fine_90.jpg,fine,0
D:\PG_Ajith_Pakiyan_Project\Final codes\sand_dataset\images\fine\fine_91.jpg,fine,0
D:\PG_Ajith_Pakiyan_Project\Final codes\sand_dataset\images\fine\fine_92.jpg,fine,0
D:\PG_Ajith_Pakiyan_Project\Final codes\sand_dataset\images\fine\fine_93.jpg,fine,0
D:\PG_Ajith_Pakiyan_Project\Final codes\sand_dataset\images\fine\fine_94.jpg,fine,0
D:\PG_Ajith_Pakiyan_Project\Final codes\sand_dataset\images\fine\fine_95.jpg,fine,0
D:\PG_Ajith_Pakiyan_Project\Final codes\sand_dataset\images\medium\Medium (1).jpg,medium,1
D:\PG_Ajith_Pakiyan_Project\Final codes\sand_dataset\images\medium\Medium (10).jpg,medium,1
D:\PG_Ajith_Pakiyan_Project\Final codes\sand_dataset\images\medium\Medium (11).jpg,medium,1
D:\PG_Ajith_Pakiyan_Project\Final codes\sand_dataset\images\medium\Medium (12).jpg,medium,1
D:\PG_Ajith_Pakiyan_Project\Final codes\sand_dataset\images\medium\Medium (13).jpg,medium,1
D:\PG_Ajith_Pakiyan_Project\Final codes\sand_dataset\images\medium\Medium (14).jpg,medium,1
D:\PG_Ajith_Pakiyan_Project\Final codes\sand_dataset\images\medium\Medium (15).jpg,medium,1
D:\PG_Ajith_Pakiyan_Project\Final codes\sand_dataset\images\medium\Medium (16).jpg,medium,1
D:\PG_Ajith_Pakiyan_Project\Final codes\sand_dataset\images\medium\Medium (17).jpg,medium,1
D:\PG_Ajith_Pakiyan_Project\Final codes\sand_dataset\images\medium\Medium (18).jpg,medium,1
D:\PG_Ajith_Pakiyan_Project\Final codes\sand_dataset\images\medium\Medium (19).jpg,medium,1
D:\PG_Ajith_Pakiyan_Project\Final codes\sand_dataset\images\medium\Medium (2).jpg,medium,1
D:\PG_Ajith_Pakiyan_Project\Final codes\sand_dataset\images\medium\Medium (20).jpg,medium,1
D:\PG_Ajith_Pakiyan_Project\Final codes\sand_dataset\images\medium\Medium (21).jpg,medium,1
D:\PG_Ajith_Pakiyan_Project\Final codes\sand_dataset\images\medium\Medium (22).jpg,medium,1
D:\PG_Ajith_Pakiyan_Project\Final codes\sand_dataset\images\medium\Medium (23).jpg,medium,1
D:\PG_Ajith_Pakiyan_Project\Final codes\sand_dataset\images\medium\Medium (24).jpg,medium,1
D:\PG_Ajith_Pakiyan_Project\Final codes\sand_dataset\images\medium\Medium (25).jpg,medium,1
D:\PG_Ajith_Pakiyan_Project\Final codes\sand_dataset\images\medium\Medium (26).jpg,medium,1
D:\PG_Ajith_Pakiyan_Project\Final codes\sand_dataset\images\medium\Medium (27).jpg,medium,1
D:\PG_Ajith_Pakiyan_Project\Final codes\sand_dataset\images\medium\Medium (28).jpg,medium,1
D:\PG_Ajith_Pakiyan_Project\Final codes\sand_dataset\images\medium\Medium (29).jpg,medium,1
D:\PG_Ajith_Pakiyan_Project\Final codes\sand_dataset\images\medium\Medium (3).jpg,medium,1
D:\PG_Ajith_Pakiyan_Project\Final codes\sand_dataset\images\medium\Medium (30).jpg,medium,1
D:\PG_Ajith_Pakiyan_Project\Final codes\sand_dataset\images\medium\Medium (31).jpg,medium,1
D:\PG_Ajith_Pakiyan_Project\Final codes\sand_dataset\images\medium\Medium (32).jpg,medium,1
D:\PG_Ajith_Pakiyan_Project\Final codes\sand_dataset\images\medium\Medium (33).jpg,medium,1
D:\PG_Ajith_Pakiyan_Project\Final codes\sand_dataset\images\medium\Medium (34).jpg,medium,1
D:\PG_Ajith_Pakiyan_Project\Final codes\sand_dataset\images\medium\Medium (35).jpg,medium,1
D:\PG_Ajith_Pakiyan_Project\Final codes\sand_dataset\images\medium\Medium (36).jpg,medium,1
D:\PG_Ajith_Pakiyan_Project\Final codes\sand_dataset\images\medium\Medium (37).jpg,medium,1
D:\PG_Ajith_Pakiyan_Project\Final codes\sand_dataset\images\medium\Medium (38).jpg,medium,1
D:\PG_Ajith_Pakiyan_Project\Final codes\sand_dataset\images\medium\Medium (39).jpg,medium,1
D:\PG_Ajith_Pakiyan_Project\Final codes\sand_dataset\images\medium\Medium (4).jpg,medium,1
D:\PG_Ajith_Pakiyan_Project\Final codes\sand_dataset\images\medium\Medium (40).jpg,medium,1
D:\PG_Ajith_Pakiyan_Project\Final codes\sand_dataset\images\medium\Medium (41).jpg,medium,1
D:\PG_Ajith_Pakiyan_Project\Final codes\sand_dataset\images\medium\Medium (42).jpg,medium,1
D:\PG_Ajith_Pakiyan_Project\Final codes\sand_dataset\images\medium\Medium (43).jpg,medium,1
D:\PG_Ajith_Pakiyan_Project\Final codes\sand_dataset\images\medium\Medium (44).jpg,medium,1
D:\PG_Ajith_Pakiyan_Project\Final codes\sand_dataset\images\medium\Medium (45).jpg,medium,1
D:\PG_Ajith_Pakiyan_Project\Final codes\sand_dataset\images\medium\Medium (46).jpg,medium,1
D:\PG_Ajith_Pakiyan_Project\Final codes\sand_dataset\images\medium\Medium (47).jpg,medium,1
D:\PG_Ajith_Pakiyan_Project\Final codes\sand_dataset\images\medium\Medium (48).jpg,medium,1
D:\PG_Ajith_Pakiyan_Project\Final codes\sand_dataset\images\medium\Medium (49).jpg,medium,1
D:\PG_Ajith_Pakiyan_Project\Final codes\sand_dataset\images\medium\Medium (5).jpg,medium,1
D:\PG_Ajith_Pakiyan_Project\Final codes\sand_dataset\images\medium\Medium (50).jpg,medium,1
D:\PG_Ajith_Pakiyan_Project\Final codes\sand_dataset\images\medium\Medium (51).jpg,medium,1
D:\PG_Ajith_Pakiyan_Project\Final codes\sand_dataset\images\medium\Medium (52).jpg,medium,1
D:\PG_Ajith_Pakiyan_Project\Final codes\sand_dataset\images\medium\Medium (53).jpg,medium,1
D:\PG_Ajith_Pakiyan_Project\Final codes\sand_dataset\images\medium\Medium (54).jpg,medium,1
D:\PG_Ajith_Pakiyan_Project\Final codes\sand_dataset\images\medium\Medium (55).jpg,medium,1
D:\PG_Ajith_Pakiyan_Project\Final codes\sand_dataset\images\medium\Medium (56).jpg,medium,1
D:\PG_Ajith_Pakiyan_Project\Final codes\sand_dataset\images\medium\Medium (57).jpg,medium,1
D:\PG_Ajith_Pakiyan_Project\Final codes\sand_dataset\images\medium\Medium (58).jpg,medium,1
D:\PG_Ajith_Pakiyan_Project\Final codes\sand_dataset\images\medium\Medium (59).jpg,medium,1
D:\PG_Ajith_Pakiyan_Project\Final codes\sand_dataset\images\medium\Medium (6).jpg,medium,1
D:\PG_Ajith_Pakiyan_Project\Final codes\sand_dataset\images\medium\Medium (60).jpg,medium,1
D:\PG_Ajith_Pakiyan_Project\Final codes\sand_dataset\images\medium\Medium (7).jpg,medium,1
D:\PG_Ajith_Pakiyan_Project\Final codes\sand_dataset\images\medium\Medium (8).jpg,medium,1
D:\PG_Ajith_Pakiyan_Project\Final codes\sand_dataset\images\medium\Medium (9).jpg,medium,1
D:\PG_Ajith_Pakiyan_Project\Final codes\sand_dataset\images\medium\medium_1.jpg,medium,1
D:\PG_Ajith_Pakiyan_Project\Final codes\sand_dataset\images\medium\medium_10.jpg,medium,1
D:\PG_Ajith_Pakiyan_Project\Final codes\sand_dataset\images\medium\medium_100.jpg,medium,1
D:\PG_Ajith_Pakiyan_Project\Final codes\sand_dataset\images\medium\medium_101.jpg,medium,1
D:\PG_Ajith_Pakiyan_Project\Final codes\sand_dataset\images\medium\medium_102.jpg,medium,1
D:\PG_Ajith_Pakiyan_Project\Final codes\sand_dataset\images\medium\medium_103.jpg,medium,1
D:\PG_Ajith_Pakiyan_Project\Final codes\sand_dataset\images\medium\medium_104.jpg,medium,1
D:\PG_Ajith_Pakiyan_Project\Final codes\sand_dataset\images\medium\medium_105.jpg,medium,1
D:\PG_Ajith_Pakiyan_Project\Final codes\sand_dataset\images\medium\medium_106.jpg,medium,1
D:\PG_Ajith_Pakiyan_Project\Final codes\sand_dataset\images\medium\medium_11.jpg,medium,1
D:\PG_Ajith_Pakiyan_Project\Final codes\sand_dataset\images\medium\medium_13.jpg,medium,1
D:\PG_Ajith_Pakiyan_Project\Final codes\sand_dataset\images\medium\medium_14.jpg,medium,1
D:\PG_Ajith_Pakiyan_Project\Final codes\sand_dataset\images\medium\medium_16.jpg,medium,1
D:\PG_Ajith_Pakiyan_Project\Final codes\sand_dataset\images\medium\medium_19.jpg,medium,1
D:\PG_Ajith_Pakiyan_Project\Final codes\sand_dataset\images\medium\medium_2.jpg,medium,1
D:\PG_Ajith_Pakiyan_Project\Final codes\sand_dataset\images\medium\medium_21.jpg,medium,1
D:\PG_Ajith_Pakiyan_Project\Final codes\sand_dataset\images\medium\medium_22.jpg,medium,1
D:\PG_Ajith_Pakiyan_Project\Final codes\sand_dataset\images\medium\medium_24.jpg,medium,1
D:\PG_Ajith_Pakiyan_Project\Final codes\sand_dataset\images\medium\medium_25.jpg,medium,1
D:\PG_Ajith_Pakiyan_Project\Final codes\sand_dataset\images\medium\medium_26.jpg,medium,1
D:\PG_Ajith_Pakiyan_Project\Final codes\sand_dataset\images\medium\medium_27.jpg,medium,1
D:\PG_Ajith_Pakiyan_Project\Final codes\sand_dataset\images\medium\medium_28.jpg,medium,1
D:\PG_Ajith_Pakiyan_Project\Final codes\sand_dataset\images\medium\medium_29.jpg,medium,1
D:\PG_Ajith_Pakiyan_Project\Final codes\sand_dataset\images\medium\medium_4.jpg,medium,1
D:\PG_Ajith_Pakiyan_Project\Final codes\sand_dataset\images\medium\medium_41.jpg,medium,1
D:\PG_Ajith_Pakiyan_Project\Final codes\sand_dataset\images\medium\medium_42.jpg,medium,1
D:\PG_Ajith_Pakiyan_Project\Final codes\sand_dataset\images\medium\medium_43.jpg,medium,1
D:\PG_Ajith_Pakiyan_Project\Final codes\sand_dataset\images\medium\medium_45.jpg,medium,1
D:\PG_Ajith_Pakiyan_Project\Final codes\sand_dataset\images\medium\medium_46.jpg,medium,1
D:\PG_Ajith_Pakiyan_Project\Final codes\sand_dataset\images\medium\medium_47.jpg,medium,1
D:\PG_Ajith_Pakiyan_Project\Final codes\sand_dataset\images\medium\medium_48.jpg,medium,1
D:\PG_Ajith_Pakiyan_Project\Final codes\sand_dataset\images\medium\medium_49.jpg,medium,1
D:\PG_Ajith_Pakiyan_Project\Final codes\sand_dataset\images\medium\medium_5.jpg,medium,1
D:\PG_Ajith_Pakiyan_Project\Final codes\sand_dataset\images\medium\medium_50.jpg,medium,1
D:\PG_Ajith_Pakiyan_Project\Final codes\sand_dataset\images\medium\medium_51.jpg,medium,1
D:\PG_Ajith_Pakiyan_Project\Final codes\sand_dataset\images\medium\medium_52.jpg,medium,1
D:\PG_Ajith_Pakiyan_Project\Final codes\sand_dataset\images\medium\medium_53.jpg,medium,1
D:\PG_Ajith_Pakiyan_Project\Final codes\sand_dataset\images\medium\medium_54.jpg,medium,1
D:\PG_Ajith_Pakiyan_Project\Final codes\sand_dataset\images\medium\medium_55.jpg,medium,1
D:\PG_Ajith_Pakiyan_Project\Final codes\sand_dataset\images\medium\medium_56.jpg,medium,1
D:\PG_Ajith_Pakiyan_Project\Final codes\sand_dataset\images\medium\medium_57.jpg,medium,1
D:\PG_Ajith_Pakiyan_Project\Final codes\sand_dataset\images\medium\medium_58.jpg,medium,1
D:\PG_Ajith_Pakiyan_Project\Final codes\sand_dataset\images\medium\medium_59.jpg,medium,1
D:\PG_Ajith_Pakiyan_Project\Final codes\sand_dataset\images\medium\medium_60.jpg,medium,1
D:\PG_Ajith_Pakiyan_Project\Final codes\sand_dataset\images\medium\medium_61.jpg,medium,1
D:\PG_Ajith_Pakiyan_Project\Final codes\sand_dataset\images\medium\medium_62.jpg,medium,1
D:\PG_Ajith_Pakiyan_Project\Final codes\sand_dataset\images\medium\medium_63.jpg,medium,1
D:\PG_Ajith_Pakiyan_Project\Final codes\sand_dataset\images\medium\medium_64.jpg,medium,1
D:\PG_Ajith_Pakiyan_Project\Final codes\sand_dataset\images\medium\medium_65.jpg,medium,1
D:\PG_Ajith_Pakiyan_Project\Final codes\sand_dataset\images\medium\medium_66.jpg,medium,1
D:\PG_Ajith_Pakiyan_Project\Final codes\sand_dataset\images\medium\medium_67.jpg,medium,1
D:\PG_Ajith_Pakiyan_Project\Final codes\sand_dataset\images\medium\medium_68.jpg,medium,1
D:\PG_Ajith_Pakiyan_Project\Final codes\sand_dataset\images\medium\medium_69.jpg,medium,1
D:\PG_Ajith_Pakiyan_Project\Final codes\sand_dataset\images\medium\medium_7.jpg,medium,1
D:\PG_Ajith_Pakiyan_Project\Final codes\sand_dataset\images\medium\medium_70.jpg,medium,1
D:\PG_Ajith_Pakiyan_Project\Final codes\sand_dataset\images\medium\medium_71.jpg,medium,1
D:\PG_Ajith_Pakiyan_Project\Final codes\sand_dataset\images\medium\medium_72.jpg,medium,1
D:\PG_Ajith_Pakiyan_Project\Final codes\sand_dataset\images\medium\medium_73.jpg,medium,1
D:\PG_Ajith_Pakiyan_Project\Final codes\sand_dataset\images\medium\medium_74.jpg,medium,1
D:\PG_Ajith_Pakiyan_Project\Final codes\sand_dataset\images\medium\medium_75.jpg,medium,1
D:\PG_Ajith_Pakiyan_Project\Final codes\sand_dataset\images\medium\medium_76.jpg,medium,1
D:\PG_Ajith_Pakiyan_Project\Final codes\sand_dataset\images\medium\medium_77.jpg,medium,1
D:\PG_Ajith_Pakiyan_Project\Final codes\sand_dataset\images\medium\medium_78.jpg,medium,1
D:\PG_Ajith_Pakiyan_Project\Final codes\sand_dataset\images\medium\medium_79.jpg,medium,1
D:\PG_Ajith_Pakiyan_Project\Final codes\sand_dataset\images\medium\medium_80.jpg,medium,1
D:\PG_Ajith_Pakiyan_Project\Final codes\sand_dataset\images\medium\medium_81.jpg,medium,1
D:\PG_Ajith_Pakiyan_Project\Final codes\sand_dataset\images\medium\medium_82.jpg,medium,1
D:\PG_Ajith_Pakiyan_Project\Final codes\sand_dataset\images\medium\medium_83.jpg,medium,1
D:\PG_Ajith_Pakiyan_Project\Final codes\sand_dataset\images\medium\medium_84.jpg,medium,1
D:\PG_Ajith_Pakiyan_Project\Final codes\sand_dataset\images\medium\medium_85.jpg,medium,1
D:\PG_Ajith_Pakiyan_Project\Final codes\sand_dataset\images\medium\medium_86.jpg,medium,1
D:\PG_Ajith_Pakiyan_Project\Final codes\sand_dataset\images\medium\medium_87.jpg,medium,1
D:\PG_Ajith_Pakiyan_Project\Final codes\sand_dataset\images\medium\medium_88.jpg,medium,1
D:\PG_Ajith_Pakiyan_Project\Final codes\sand_dataset\images\medium\medium_89.jpg,medium,1
D:\PG_Ajith_Pakiyan_Project\Final codes\sand_dataset\images\medium\medium_9.jpg,medium,1
D:\PG_Ajith_Pakiyan_Project\Final codes\sand_dataset\images\medium\medium_90.jpg,medium,1
D:\PG_Ajith_Pakiyan_Project\Final codes\sand_dataset\images\medium\medium_91.jpg,medium,1
D:\PG_Ajith_Pakiyan_Project\Final codes\sand_dataset\images\medium\medium_92.jpg,medium,1
D:\PG_Ajith_Pakiyan_Project\Final codes\sand_dataset\images\medium\medium_93.jpg,medium,1
D:\PG_Ajith_Pakiyan_Project\Final codes\sand_dataset\images\medium\medium_94.jpg,medium,1
D:\PG_Ajith_Pakiyan_Project\Final codes\sand_dataset\images\medium\medium_95.jpg,medium,1
D:\PG_Ajith_Pakiyan_Project\Final codes\sand_dataset\images\medium\medium_96.jpg,medium,1
D:\PG_Ajith_Pakiyan_Project\Final codes\sand_dataset\images\medium\medium_97.jpg,medium,1
D:\PG_Ajith_Pakiyan_Project\Final codes\sand_dataset\images\medium\medium_98.jpg,medium,1
D:\PG_Ajith_Pakiyan_Project\Final codes\sand_dataset\images\medium\medium_99.jpg,medium,1
D:\PG_Ajith_Pakiyan_Project\Final codes\sand_dataset\images\coarse\Coarse (1).jpg,coarse,2
D:\PG_Ajith_Pakiyan_Project\Final codes\sand_dataset\images\coarse\Coarse (10).jpg,coarse,2
D:\PG_Ajith_Pakiyan_Project\Final codes\sand_dataset\images\coarse\Coarse (11).jpg,coarse,2
D:\PG_Ajith_Pakiyan_Project\Final codes\sand_dataset\images\coarse\Coarse (12).jpg,coarse,2
D:\PG_Ajith_Pakiyan_Project\Final codes\sand_dataset\images\coarse\Coarse (13).jpg,coarse,2
D:\PG_Ajith_Pakiyan_Project\Final codes\sand_dataset\images\coarse\Coarse (14).jpg,coarse,2
D:\PG_Ajith_Pakiyan_Project\Final codes\sand_dataset\images\coarse\Coarse (15).jpg,coarse,2
D:\PG_Ajith_Pakiyan_Project\Final codes\sand_dataset\images\coarse\Coarse (16).jpg,coarse,2
D:\PG_Ajith_Pakiyan_Project\Final codes\sand_dataset\images\coarse\Coarse (17).jpg,coarse,2
D:\PG_Ajith_Pakiyan_Project\Final codes\sand_dataset\images\coarse\Coarse (18).jpg,coarse,2
D:\PG_Ajith_Pakiyan_Project\Final codes\sand_dataset\images\coarse\Coarse (19).jpg,coarse,2
D:\PG_Ajith_Pakiyan_Project\Final codes\sand_dataset\images\coarse\Coarse (2).jpg,coarse,2
D:\PG_Ajith_Pakiyan_Project\Final codes\sand_dataset\images\coarse\Coarse (20).jpg,coarse,2
D:\PG_Ajith_Pakiyan_Project\Final codes\sand_dataset\images\coarse\Coarse (21).jpg,coarse,2
D:\PG_Ajith_Pakiyan_Project\Final codes\sand_dataset\images\coarse\Coarse (22).jpg,coarse,2
D:\PG_Ajith_Pakiyan_Project\Final codes\sand_dataset\images\coarse\Coarse (23).jpg,coarse,2
D:\PG_Ajith_Pakiyan_Project\Final codes\sand_dataset\images\coarse\Coarse (24).jpg,coarse,2
D:\PG_Ajith_Pakiyan_Project\Final codes\sand_dataset\images\coarse\Coarse (25).jpg,coarse,2
D:\PG_Ajith_Pakiyan_Project\Final codes\sand_dataset\images\coarse\Coarse (26).jpg,coarse,2
D:\PG_Ajith_Pakiyan_Project\Final codes\sand_dataset\images\coarse\Coarse (27).jpg,coarse,2
D:\PG_Ajith_Pakiyan_Project\Final codes\sand_dataset\images\coarse\Coarse (28).jpg,coarse,2
D:\PG_Ajith_Pakiyan_Project\Final codes\sand_dataset\images\coarse\Coarse (29).jpg,coarse,2
D:\PG_Ajith_Pakiyan_Project\Final codes\sand_dataset\images\coarse\Coarse (3).jpg,coarse,2
D:\PG_Ajith_Pakiyan_Project\Final codes\sand_dataset\images\coarse\Coarse (30).jpg,coarse,2
D:\PG_Ajith_Pakiyan_Project\Final codes\sand_dataset\images\coarse\Coarse (31).jpg,coarse,2
D:\PG_Ajith_Pakiyan_Project\Final codes\sand_dataset\images\coarse\Coarse (32).jpg,coarse,2
D:\PG_Ajith_Pakiyan_Project\Final codes\sand_dataset\images\coarse\Coarse (33).jpg,coarse,2
D:\PG_Ajith_Pakiyan_Project\Final codes\sand_dataset\images\coarse\Coarse (34).jpg,coarse,2
D:\PG_Ajith_Pakiyan_Project\Final codes\sand_dataset\images\coarse\Coarse (35).jpg,coarse,2
D:\PG_Ajith_Pakiyan_Project\Final codes\sand_dataset\images\coarse\Coarse (36).jpg,coarse,2
D:\PG_Ajith_Pakiyan_Project\Final codes\sand_dataset\images\coarse\Coarse (37).jpg,coarse,2
D:\PG_Ajith_Pakiyan_Project\Final codes\sand_dataset\images\coarse\Coarse (38).jpg,coarse,2
D:\PG_Ajith_Pakiyan_Project\Final codes\sand_dataset\images\coarse\Coarse (39).jpg,coarse,2
D:\PG_Ajith_Pakiyan_Project\Final codes\sand_dataset\images\coarse\Coarse (4).jpg,coarse,2
D:\PG_Ajith_Pakiyan_Project\Final codes\sand_dataset\images\coarse\Coarse (40).jpg,coarse,2
D:\PG_Ajith_Pakiyan_Project\Final codes\sand_dataset\images\coarse\Coarse (41).jpg,coarse,2
D:\PG_Ajith_Pakiyan_Project\Final codes\sand_dataset\images\coarse\Coarse (42).jpg,coarse,2
D:\PG_Ajith_Pakiyan_Project\Final codes\sand_dataset\images\coarse\Coarse (43).jpg,coarse,2
D:\PG_Ajith_Pakiyan_Project\Final codes\sand_dataset\images\coarse\Coarse (44).jpg,coarse,2
D:\PG_Ajith_Pakiyan_Project\Final codes\sand_dataset\images\coarse\Coarse (45).jpg,coarse,2
D:\PG_Ajith_Pakiyan_Project\Final codes\sand_dataset\images\coarse\Coarse (46).jpg,coarse,2
D:\PG_Ajith_Pakiyan_Project\Final codes\sand_dataset\images\coarse\Coarse (47).jpg,coarse,2
D:\PG_Ajith_Pakiyan_Project\Final codes\sand_dataset\images\coarse\Coarse (48).jpg,coarse,2
D:\PG_Ajith_Pakiyan_Project\Final codes\sand_dataset\images\coarse\Coarse (49).jpg,coarse,2
D:\PG_Ajith_Pakiyan_Project\Final codes\sand_dataset\images\coarse\Coarse (5).jpg,coarse,2
D:\PG_Ajith_Pakiyan_Project\Final codes\sand_dataset\images\coarse\Coarse (50).jpg,coarse,2
D:\PG_Ajith_Pakiyan_Project\Final codes\sand_dataset\images\coarse\Coarse (51).jpg,coarse,2
D:\PG_Ajith_Pakiyan_Project\Final codes\sand_dataset\images\coarse\Coarse (52).jpg,coarse,2
D:\PG_Ajith_Pakiyan_Project\Final codes\sand_dataset\images\coarse\Coarse (53).jpg,coarse,2
D:\PG_Ajith_Pakiyan_Project\Final codes\sand_dataset\images\coarse\Coarse (54).jpg,coarse,2
D:\PG_Ajith_Pakiyan_Project\Final codes\sand_dataset\images\coarse\Coarse (55).jpg,coarse,2
D:\PG_Ajith_Pakiyan_Project\Final codes\sand_dataset\images\coarse\Coarse (56).jpg,coarse,2
D:\PG_Ajith_Pakiyan_Project\Final codes\sand_dataset\images\coarse\Coarse (57).jpg,coarse,2
D:\PG_Ajith_Pakiyan_Project\Final codes\sand_dataset\images\coarse\Coarse (58).jpg,coarse,2
D:\PG_Ajith_Pakiyan_Project\Final codes\sand_dataset\images\coarse\Coarse (59).jpg,coarse,2
D:\PG_Ajith_Pakiyan_Project\Final codes\sand_dataset\images\coarse\Coarse (6).jpg,coarse,2
D:\PG_Ajith_Pakiyan_Project\Final codes\sand_dataset\images\coarse\Coarse (60).jpg,coarse,2
D:\PG_Ajith_Pakiyan_Project\Final codes\sand_dataset\images\coarse\Coarse (7).jpg,coarse,2
D:\PG_Ajith_Pakiyan_Project\Final codes\sand_dataset\images\coarse\Coarse (8).jpg,coarse,2
D:\PG_Ajith_Pakiyan_Project\Final codes\sand_dataset\images\coarse\Coarse (9).jpg,coarse,2
D:\PG_Ajith_Pakiyan_Project\Final codes\sand_dataset\images\coarse\coarse_061.jpg,coarse,2
D:\PG_Ajith_Pakiyan_Project\Final codes\sand_dataset\images\coarse\coarse_062.jpg,coarse,2
D:\PG_Ajith_Pakiyan_Project\Final codes\sand_dataset\images\coarse\coarse_063.jpg,coarse,2
D:\PG_Ajith_Pakiyan_Project\Final codes\sand_dataset\images\coarse\coarse_064.jpg,coarse,2
D:\PG_Ajith_Pakiyan_Project\Final codes\sand_dataset\images\coarse\coarse_065.jpg,coarse,2
D:\PG_Ajith_Pakiyan_Project\Final codes\sand_dataset\images\coarse\coarse_066.jpg,coarse,2
D:\PG_Ajith_Pakiyan_Project\Final codes\sand_dataset\images\coarse\coarse_067.jpg,coarse,2
D:\PG_Ajith_Pakiyan_Project\Final codes\sand_dataset\images\coarse\coarse_068.jpg,coarse,2
D:\PG_Ajith_Pakiyan_Project\Final codes\sand_dataset\images\coarse\coarse_069.jpg,coarse,2
D:\PG_Ajith_Pakiyan_Project\Final codes\sand_dataset\images\coarse\coarse_070.jpg,coarse,2
D:\PG_Ajith_Pakiyan_Project\Final codes\sand_dataset\images\coarse\coarse_1.jpg,coarse,2
D:\PG_Ajith_Pakiyan_Project\Final codes\sand_dataset\images\coarse\coarse_10.jpg,coarse,2
D:\PG_Ajith_Pakiyan_Project\Final codes\sand_dataset\images\coarse\coarse_100.jpg,coarse,2
D:\PG_Ajith_Pakiyan_Project\Final codes\sand_dataset\images\coarse\coarse_101.jpg,coarse,2
D:\PG_Ajith_Pakiyan_Project\Final codes\sand_dataset\images\coarse\coarse_102.jpg,coarse,2
D:\PG_Ajith_Pakiyan_Project\Final codes\sand_dataset\images\coarse\coarse_103.jpg,coarse,2
D:\PG_Ajith_Pakiyan_Project\Final codes\sand_dataset\images\coarse\coarse_104.jpg,coarse,2
D:\PG_Ajith_Pakiyan_Project\Final codes\sand_dataset\images\coarse\coarse_105.jpg,coarse,2
D:\PG_Ajith_Pakiyan_Project\Final codes\sand_dataset\images\coarse\coarse_106.jpg,coarse,2
D:\PG_Ajith_Pakiyan_Project\Final codes\sand_dataset\images\coarse\coarse_107.jpg,coarse,2
D:\PG_Ajith_Pakiyan_Project\Final codes\sand_dataset\images\coarse\coarse_108.jpg,coarse,2
D:\PG_Ajith_Pakiyan_Project\Final codes\sand_dataset\images\coarse\coarse_109.jpg,coarse,2
D:\PG_Ajith_Pakiyan_Project\Final codes\sand_dataset\images\coarse\coarse_11.jpg,coarse,2
D:\PG_Ajith_Pakiyan_Project\Final codes\sand_dataset\images\coarse\coarse_110.jpg,coarse,2
D:\PG_Ajith_Pakiyan_Project\Final codes\sand_dataset\images\coarse\coarse_111.jpg,coarse,2
D:\PG_Ajith_Pakiyan_Project\Final codes\sand_dataset\images\coarse\coarse_112.jpg,coarse,2
D:\PG_Ajith_Pakiyan_Project\Final codes\sand_dataset\images\coarse\coarse_113.jpg,coarse,2
D:\PG_Ajith_Pakiyan_Project\Final codes\sand_dataset\images\coarse\coarse_114.jpg,coarse,2
D:\PG_Ajith_Pakiyan_Project\Final codes\sand_dataset\images\coarse\coarse_115.jpg,coarse,2
D:\PG_Ajith_Pakiyan_Project\Final codes\sand_dataset\images\coarse\coarse_116.jpg,coarse,2
D:\PG_Ajith_Pakiyan_Project\Final codes\sand_dataset\images\coarse\coarse_117.jpg,coarse,2
D:\PG_Ajith_Pakiyan_Project\Final codes\sand_dataset\images\coarse\coarse_118.jpg,coarse,2
D:\PG_Ajith_Pakiyan_Project\Final codes\sand_dataset\images\coarse\coarse_119.jpg,coarse,2
D:\PG_Ajith_Pakiyan_Project\Final codes\sand_dataset\images\coarse\coarse_12.jpg,coarse,2
D:\PG_Ajith_Pakiyan_Project\Final codes\sand_dataset\images\coarse\coarse_120.jpg,coarse,2
D:\PG_Ajith_Pakiyan_Project\Final codes\sand_dataset\images\coarse\coarse_121.jpg,coarse,2
D:\PG_Ajith_Pakiyan_Project\Final codes\sand_dataset\images\coarse\coarse_13.jpg,coarse,2
D:\PG_Ajith_Pakiyan_Project\Final codes\sand_dataset\images\coarse\coarse_14.jpg,coarse,2
D:\PG_Ajith_Pakiyan_Project\Final codes\sand_dataset\images\coarse\coarse_15.jpg,coarse,2
D:\PG_Ajith_Pakiyan_Project\Final codes\sand_dataset\images\coarse\coarse_16.jpg,coarse,2
D:\PG_Ajith_Pakiyan_Project\Final codes\sand_dataset\images\coarse\coarse_17.jpg,coarse,2
D:\PG_Ajith_Pakiyan_Project\Final codes\sand_dataset\images\coarse\coarse_18.jpg,coarse,2
D:\PG_Ajith_Pakiyan_Project\Final codes\sand_dataset\images\coarse\coarse_19.jpg,coarse,2
D:\PG_Ajith_Pakiyan_Project\Final codes\sand_dataset\images\coarse\coarse_2.jpg,coarse,2
D:\PG_Ajith_Pakiyan_Project\Final codes\sand_dataset\images\coarse\coarse_20.jpg,coarse,2
D:\PG_Ajith_Pakiyan_Project\Final codes\sand_dataset\images\coarse\coarse_21.jpg,coarse,2
D:\PG_Ajith_Pakiyan_Project\Final codes\sand_dataset\images\coarse\coarse_22.jpg,coarse,2
D:\PG_Ajith_Pakiyan_Project\Final codes\sand_dataset\images\coarse\coarse_24.jpg,coarse,2
D:\PG_Ajith_Pakiyan_Project\Final codes\sand_dataset\images\coarse\coarse_25.jpg,coarse,2
D:\PG_Ajith_Pakiyan_Project\Final codes\sand_dataset\images\coarse\coarse_26.jpg,coarse,2
D:\PG_Ajith_Pakiyan_Project\Final codes\sand_dataset\images\coarse\coarse_27.jpg,coarse,2
D:\PG_Ajith_Pakiyan_Project\Final codes\sand_dataset\images\coarse\coarse_28.jpg,coarse,2
D:\PG_Ajith_Pakiyan_Project\Final codes\sand_dataset\images\coarse\coarse_29.jpg,coarse,2
D:\PG_Ajith_Pakiyan_Project\Final codes\sand_dataset\images\coarse\coarse_3.jpg,coarse,2
D:\PG_Ajith_Pakiyan_Project\Final codes\sand_dataset\images\coarse\coarse_30.jpg,coarse,2
D:\PG_Ajith_Pakiyan_Project\Final codes\sand_dataset\images\coarse\coarse_31.jpg,coarse,2
D:\PG_Ajith_Pakiyan_Project\Final codes\sand_dataset\images\coarse\coarse_32.jpg,coarse,2
D:\PG_Ajith_Pakiyan_Project\Final codes\sand_dataset\images\coarse\coarse_33.jpg,coarse,2
D:\PG_Ajith_Pakiyan_Project\Final codes\sand_dataset\images\coarse\coarse_34.jpg,coarse,2
D:\PG_Ajith_Pakiyan_Project\Final codes\sand_dataset\images\coarse\coarse_35.jpg,coarse,2
D:\PG_Ajith_Pakiyan_Project\Final codes\sand_dataset\images\coarse\coarse_36.jpg,coarse,2
D:\PG_Ajith_Pakiyan_Project\Final codes\sand_dataset\images\coarse\coarse_37.jpg,coarse,2
D:\PG_Ajith_Pakiyan_Project\Final codes\sand_dataset\images\coarse\coarse_38.jpg,coarse,2
D:\PG_Ajith_Pakiyan_Project\Final codes\sand_dataset\images\coarse\coarse_39.jpg,coarse,2
D:\PG_Ajith_Pakiyan_Project\Final codes\sand_dataset\images\coarse\coarse_4.jpg,coarse,2
D:\PG_Ajith_Pakiyan_Project\Final codes\sand_dataset\images\coarse\coarse_40.jpg,coarse,2
D:\PG_Ajith_Pakiyan_Project\Final codes\sand_dataset\images\coarse\coarse_41.jpg,coarse,2
D:\PG_Ajith_Pakiyan_Project\Final codes\sand_dataset\images\coarse\coarse_42.jpg,coarse,2
D:\PG_Ajith_Pakiyan_Project\Final codes\sand_dataset\images\coarse\coarse_43.jpg,coarse,2
D:\PG_Ajith_Pakiyan_Project\Final codes\sand_dataset\images\coarse\coarse_44.jpg,coarse,2
D:\PG_Ajith_Pakiyan_Project\Final codes\sand_dataset\images\coarse\coarse_45.jpg,coarse,2
D:\PG_Ajith_Pakiyan_Project\Final codes\sand_dataset\images\coarse\coarse_46.jpg,coarse,2
D:\PG_Ajith_Pakiyan_Project\Final codes\sand_dataset\images\coarse\coarse_47.jpg,coarse,2
D:\PG_Ajith_Pakiyan_Project\Final codes\sand_dataset\images\coarse\coarse_48.jpg,coarse,2
D:\PG_Ajith_Pakiyan_Project\Final codes\sand_dataset\images\coarse\coarse_49.jpg,coarse,2
D:\PG_Ajith_Pakiyan_Project\Final codes\sand_dataset\images\coarse\coarse_5.jpg,coarse,2
D:\PG_Ajith_Pakiyan_Project\Final codes\sand_dataset\images\coarse\coarse_50.jpg,coarse,2
D:\PG_Ajith_Pakiyan_Project\Final codes\sand_dataset\images\coarse\coarse_51.jpg,coarse,2
D:\PG_Ajith_Pakiyan_Project\Final codes\sand_dataset\images\coarse\coarse_52.jpg,coarse,2
D:\PG_Ajith_Pakiyan_Project\Final codes\sand_dataset\images\coarse\coarse_53.jpg,coarse,2
D:\PG_Ajith_Pakiyan_Project\Final codes\sand_dataset\images\coarse\coarse_55.jpg,coarse,2
D:\PG_Ajith_Pakiyan_Project\Final codes\sand_dataset\images\coarse\coarse_56.jpg,coarse,2
D:\PG_Ajith_Pakiyan_Project\Final codes\sand_dataset\images\coarse\coarse_57.jpg,coarse,2
D:\PG_Ajith_Pakiyan_Project\Final codes\sand_dataset\images\coarse\coarse_58.jpg,coarse,2
D:\PG_Ajith_Pakiyan_Project\Final codes\sand_dataset\images\coarse\coarse_59.jpg,coarse,2
D:\PG_Ajith_Pakiyan_Project\Final codes\sand_dataset\images\coarse\coarse_6.jpg,coarse,2
D:\PG_Ajith_Pakiyan_Project\Final codes\sand_dataset\images\coarse\coarse_60.jpg,coarse,2
D:\PG_Ajith_Pakiyan_Project\Final codes\sand_dataset\images\coarse\coarse_61.jpg,coarse,2
D:\PG_Ajith_Pakiyan_Project\Final codes\sand_dataset\images\coarse\coarse_62.jpg,coarse,2
D:\PG_Ajith_Pakiyan_Project\Final codes\sand_dataset\images\coarse\coarse_63.jpg,coarse,2
D:\PG_Ajith_Pakiyan_Project\Final codes\sand_dataset\images\coarse\coarse_64.jpg,coarse,2
D:\PG_Ajith_Pakiyan_Project\Final codes\sand_dataset\images\coarse\coarse_65.jpg,coarse,2
D:\PG_Ajith_Pakiyan_Project\Final codes\sand_dataset\images\coarse\coarse_66.jpg,coarse,2
D:\PG_Ajith_Pakiyan_Project\Final codes\sand_dataset\images\coarse\coarse_67.jpg,coarse,2
D:\PG_Ajith_Pakiyan_Project\Final codes\sand_dataset\images\coarse\coarse_68.jpg,coarse,2
D:\PG_Ajith_Pakiyan_Project\Final codes\sand_dataset\images\coarse\coarse_69.jpg,coarse,2
D:\PG_Ajith_Pakiyan_Project\Final codes\sand_dataset\images\coarse\coarse_7.jpg,coarse,2
D:\PG_Ajith_Pakiyan_Project\Final codes\sand_dataset\images\coarse\coarse_70.jpg,coarse,2
D:\PG_Ajith_Pakiyan_Project\Final codes\sand_dataset\images\coarse\coarse_71.jpg,coarse,2
D:\PG_Ajith_Pakiyan_Project\Final codes\sand_dataset\images\coarse\coarse_72.jpg,coarse,2
D:\PG_Ajith_Pakiyan_Project\Final codes\sand_dataset\images\coarse\coarse_73.jpg,coarse,2
D:\PG_Ajith_Pakiyan_Project\Final codes\sand_dataset\images\coarse\coarse_74.jpg,coarse,2
D:\PG_Ajith_Pakiyan_Project\Final codes\sand_dataset\images\coarse\coarse_75.jpg,coarse,2
D:\PG_Ajith_Pakiyan_Project\Final codes\sand_dataset\images\coarse\coarse_76.jpg,coarse,2
D:\PG_Ajith_Pakiyan_Project\Final codes\sand_dataset\images\coarse\coarse_77.jpg,coarse,2
D:\PG_Ajith_Pakiyan_Project\Final codes\sand_dataset\images\coarse\coarse_78.jpg,coarse,2
D:\PG_Ajith_Pakiyan_Project\Final codes\sand_dataset\images\coarse\coarse_79.jpg,coarse,2
D:\PG_Ajith_Pakiyan_Project\Final codes\sand_dataset\images\coarse\coarse_8.jpg,coarse,2
D:\PG_Ajith_Pakiyan_Project\Final codes\sand_dataset\images\coarse\coarse_80.jpg,coarse,2
D:\PG_Ajith_Pakiyan_Project\Final codes\sand_dataset\images\coarse\coarse_81.jpg,coarse,2
D:\PG_Ajith_Pakiyan_Project\Final codes\sand_dataset\images\coarse\coarse_82.jpg,coarse,2
D:\PG_Ajith_Pakiyan_Project\Final codes\sand_dataset\images\coarse\coarse_83.jpg,coarse,2
D:\PG_Ajith_Pakiyan_Project\Final codes\sand_dataset\images\coarse\coarse_84.jpg,coarse,2
D:\PG_Ajith_Pakiyan_Project\Final codes\sand_dataset\images\coarse\coarse_85.jpg,coarse,2
D:\PG_Ajith_Pakiyan_Project\Final codes\sand_dataset\images\coarse\coarse_86.jpg,coarse,2
D:\PG_Ajith_Pakiyan_Project\Final codes\sand_dataset\images\coarse\coarse_87.jpg,coarse,2
D:\PG_Ajith_Pakiyan_Project\Final codes\sand_dataset\images\coarse\coarse_88.jpg,coarse,2
D:\PG_Ajith_Pakiyan_Project\Final codes\sand_dataset\images\coarse\coarse_89.jpg,coarse,2
D:\PG_Ajith_Pakiyan_Project\Final codes\sand_dataset\images\coarse\coarse_9.jpg,coarse,2
D:\PG_Ajith_Pakiyan_Project\Final codes\sand_dataset\images\coarse\coarse_90.jpg,coarse,2
D:\PG_Ajith_Pakiyan_Project\Final codes\sand_dataset\images\coarse\coarse_91.jpg,coarse,2
D:\PG_Ajith_Pakiyan_Project\Final codes\sand_dataset\images\coarse\coarse_92.jpg,coarse,2
D:\PG_Ajith_Pakiyan_Project\Final codes\sand_dataset\images\coarse\coarse_93.jpg,coarse,2
D:\PG_Ajith_Pakiyan_Project\Final codes\sand_dataset\images\coarse\coarse_94.jpg,coarse,2
D:\PG_Ajith_Pakiyan_Project\Final codes\sand_dataset\images\coarse\coarse_95.jpg,coarse,2
D:\PG_Ajith_Pakiyan_Project\Final codes\sand_dataset\images\coarse\coarse_96.jpg,coarse,2
D:\PG_Ajith_Pakiyan_Project\Final codes\sand_dataset\images\coarse\coarse_97.jpg,coarse,2
D:\PG_Ajith_Pakiyan_Project\Final codes\sand_dataset\images\coarse\coarse_98.jpg,coarse,2
D:\PG_Ajith_Pakiyan_Project\Final codes\sand_dataset\images\coarse\coarse_99.jpg,coarse,2
